{"cameraMode":{"drawMode":0,"name":"Shaded","section":"Shading Mode"},"sceneLighting":false,"audioPlay":false,"sceneViewState":{"showFog":true,"showMaterialUpdate":false,"showSkybox":true,"showFlares":true,"showImageEffects":true,"showParticleSystems":true},"in2DMode":false,"pivot":{"x":-11.16324520111084,"y":-0.8002519607543945,"z":-25.09590721130371},"rotation":{"x":-0.010490228421986103,"y":0.9760859608650208,"z":-0.04835528880357742,"w":-0.21172462403774262},"size":15.567122459411621,"orthographic":false}