{"cameraMode":{"drawMode":0,"name":"Shaded","section":"Shading Mode"},"sceneLighting":false,"audioPlay":false,"sceneViewState":{"showFog":true,"showMaterialUpdate":false,"showSkybox":true,"showFlares":true,"showImageEffects":true,"showParticleSystems":true},"in2DMode":false,"pivot":{"x":-0.5060426592826843,"y":0.7238702774047852,"z":-2.110100746154785},"rotation":{"x":0.005155897233635187,"y":0.9919189810752869,"z":0.042867958545684817,"w":-0.1193024218082428},"size":2.0939128398895265,"orthographic":false}