{"cameraMode":{"drawMode":0,"name":"Shaded","section":"Shading Mode"},"sceneLighting":false,"audioPlay":false,"sceneViewState":{"showFog":true,"showMaterialUpdate":false,"showSkybox":true,"showFlares":true,"showImageEffects":true,"showParticleSystems":true},"in2DMode":false,"pivot":{"x":-43.76945877075195,"y":-1.0022594928741456,"z":-11.473589897155762},"rotation":{"x":-0.0227382592856884,"y":0.7945663928985596,"z":-0.02980922721326351,"w":-0.6060442328453064},"size":25.34819221496582,"orthographic":false}